{
    "appointments": [
        {   "id": 3,
            "name": "Sandeep",
            "specialization":"neuro",
            "date": "10/05/2000",
            "time": "10.30",
            "fees":"paid"

        },
        {   "id": 2,
            "name": "Sandeep",
            "specialization":"neuro",
            "date": "10/05/2000",
            "time": "10.30",
            "fees":"paid"

        },
        {   "id": 1,
            "name": "Sandeep",
            "specialization":"neuro",
            "date": "10/05/2000",
            "time": "10.30",
            "fees":"paid"

        }
    ]
}