{
  "doctors": [
    {
      "id": 3,
      "f_name": "Sandeep",
      "l_name": "Thadem",
      "email": "sandy.T@gmail.com",
      "user_name": "sandy",
      "mobile": "6824561230",
      "dob": "10/05/2000",
      "city": "Salem",
      "state": "Telangana",
      "specialization": "Pediatrics",
      "year_of_exp": 2,
      "is_admin": false,
      "is_doctor": true
    },
    {
      "id": 2,
      "f_name": "Harshith",
      "l_name": "Jupuru",
      "email": "harshith.j@gmail.com",
      "user_name": "jupuru_harshith",
      "mobile": "7894482230",
      "dob": "22/10/2000",
      "city": "Kadappa",
      "state": "Andhra Pradesh",
      "specialization": "Dermatology",
      "year_of_exp": 4,
      "is_admin": false,
      "is_doctor": true
    },
    {
      "f_name": "Hello",
      "l_name": "Hi",
      "email": "hello@hi.com",
      "user_name": "hello",
      "mobile": "9876543210",
      "dob": "22/10/2000",
      "city": "location",
      "state": "tamilAP",
      "specialization": "nays",
      "year_of_exp": "2",
      "is_admin": false,
      "is_doctor": true,
      "id": 6
    },
    {
      "f_name": "HARSHITH",
      "l_name": "JUPURU",
      "email": "harshith.j19@iiits.in",
      "user_name": "hwio",
      "mobile": "09701203709",
      "dob": "22/01/2098",
      "city": "Chittoor",
      "state": "Andhra Pradesh",
      "specialization": "akqd",
      "year_of_exp": "2",
      "is_admin": false,
      "is_doctor": true,
      "id": 8
    },
    {
      "f_name": "HARSHITH",
      "l_name": "JUPURU",
      "email": "harshith.j19@iiits.in",
      "user_name": "hello",
      "mobile": "09701203709",
      "dob": "22/01/2098",
      "city": "Chittoor",
      "state": "Andhra Pradesh",
      "specialization": "he",
      "year_of_exp": "3",
      "is_admin": false,
      "is_doctor": true,
      "id": 9
    },
    {
      "f_name": "ram",
      "l_name": "venkat",
      "email": "ramvenkat@gmail.com",
      "user_name": "johnw",
      "mobile": "1237544012",
      "dob": "01/01/1980",
      "city": "chennai",
      "state": "Tamil Nadu",
      "specialization": "Cardiologist",
      "year_of_exp": "10",
      "is_admin": false,
      "is_doctor": true,
      "id": 10
    }
  ]
}